loan_amount,term,credit_score,employment_length,home_ownership,annual_income,defaulted
17483.570765056164,36 months,661.7339224343946,9,OWN,85590.37339520318,0
14308.678494144076,60 months,689.2340152932454,1,MORTGAGE,15663.623212918712,0
18238.442690503463,36 months,612.6436855235152,8,RENT,70054.8961498163,0
22615.149282040125,60 months,631.4192980744674,2,OWN,10134.583593398449,1
13829.23312638332,36 months,740.0206953972213,1,MORTGAGE,40686.70392953584,0
13829.315215254097,36 months,647.1552860514303,7,RENT,92583.3272980189,0
22896.064077536957,36 months,627.6544508659031,9,MORTGAGE,48364.35933215892,1
18837.173645764546,36 months,706.8326376263643,5,MORTGAGE,36522.40071182055,0
12652.62807032524,60 months,739.2852077331498,5,RENT,56041.24542030636,0
17712.800217929824,36 months,715.9476655332534,9,OWN,101358.12676327105,0
12682.911535937688,60 months,729.8023842902908,10,MORTGAGE,23366.355055879474,0
12671.351232148716,36 months,642.160245571527,6,MORTGAGE,38973.80176721311,1
16209.81135783017,36 months,608.9094666629078,6,OWN,89948.63366359253,0
5433.598776711011,36 months,755.0666825977744,10,OWN,97154.04687075465,0
6375.410837434836,60 months,663.8660080578932,5,RENT,57931.37551419432,0
12188.562353795136,36 months,667.4583491772477,3,RENT,35218.94594946715,0
9935.844398327881,60 months,746.4097070924529,10,RENT,101916.87003618319,0
16571.23666297637,60 months,707.811500470033,8,OWN,91888.84783498393,0
10459.879622393946,60 months,702.7943886040804,5,MORTGAGE,73578.93975524466,0
7938.481493323543,60 months,788.2501172450542,3,MORTGAGE,43751.9530212516,0
22328.243844607772,60 months,647.8240884809928,2,RENT,59019.41318323927,0
13871.118497567322,60 months,726.3920064040618,3,OWN,56792.798379103384,0
15337.641023439619,60 months,682.8506562448542,2,MORTGAGE,66617.02609231156,0
7876.259068932716,60 months,693.4296139431628,1,RENT,89020.02876262672,0
12278.086377374086,60 months,756.4234213206266,4,MORTGAGE,77588.34082274805,0
15554.612948549331,36 months,705.3917878144812,1,MORTGAGE,38452.47846030483,0
9245.032112888486,36 months,706.9148039524816,5,OWN,87529.92900039075,0
16878.49009172836,36 months,733.6253668654902,2,OWN,66262.6428002631,0
11996.806550405974,36 months,661.7523635228557,5,MORTGAGE,73741.31591717832,0
13541.531251033615,36 months,638.0395166330496,10,RENT,89330.81718557206,0
11991.466938853016,60 months,627.7595402989483,9,OWN,37768.39500972898,0
24261.39092254469,60 months,581.6821705312,8,MORTGAGE,59283.48842587074,0
14932.51387631033,60 months,782.8103564970161,0,OWN,49370.9089728157,0
9711.445355220498,60 months,624.8395817139159,5,OWN,28642.811492690882,1
19112.724560515944,60 months,668.9373188207114,8,OWN,66934.1995520984,0
8895.781750144888,60 months,666.159335005554,10,MORTGAGE,110231.13103168848,0
16044.317975023778,60 months,695.3703348904551,3,RENT,23198.445109884946,0
5201.649380601122,36 months,720.7868606269649,10,RENT,59354.38777901059,0
8359.069755507848,36 months,723.0236744179873,1,RENT,72810.85870149547,0
15984.306179345618,36 months,650.846128071553,3,OWN,62461.56403312362,0
18692.332899977053,36 months,671.6439143106794,0,MORTGAGE,57737.438949685195,0
15856.841405949852,60 months,694.128997524415,2,OWN,34015.67273108351,0
14421.758588058798,60 months,667.5654436908227,9,RENT,64655.73485880328,0
13494.481522053557,60 months,760.3672788009997,8,RENT,44864.72045968147,0
7607.390048162863,36 months,704.5487475819126,9,MORTGAGE,16201.565900428934,0
11400.778958026456,60 months,716.7438893024909,4,OWN,83891.84441027461,0
12696.806145201062,60 months,713.1440634333707,10,RENT,79167.71639684084,0
20285.611131094578,60 months,738.6736928742663,5,MORTGAGE,61033.2195370216,0
16718.091447842307,36 months,689.0510779351854,2,OWN,64581.49376411405,0
6184.79922318633,60 months,615.1584026022076,4,OWN,81486.36025431124,0
16620.419846973975,36 months,699.9843975876321,10,RENT,64486.79313556165,0
13074.588597918417,36 months,647.4321553104086,7,RENT,78080.35109522629,0
11615.389998470208,36 months,653.5691659125122,5,OWN,54050.355982523,0
18058.38144420434,36 months,709.3182009377547,3,OWN,86239.67477147892,0
20154.997612479754,60 months,741.9141535716818,1,RENT,66415.71451865368,0
19656.40059558099,36 months,681.0635788368031,8,OWN,63881.03887211748,0
10803.912383886807,36 months,695.4416506299482,0,RENT,34598.778225759364,0
13453.938120743927,60 months,765.1107472317619,0,OWN,65739.11708603418,0
16656.31715701782,60 months,692.0376589744284,3,RENT,43360.90165011097,0
19877.725635611794,36 months,810.0841557090198,6,MORTGAGE,47234.34546943012,0
12604.12881077355,60 months,708.2754822815772,0,RENT,43692.487433677576,0
14071.705116680914,36 months,591.9618620422091,8,RENT,38675.301362015496,0
9468.325129969859,36 months,717.6670810552266,3,MORTGAGE,102495.42806033924,0
9018.966879596646,36 months,699.0579192441389,2,OWN,86626.78123976805,0
19062.62911197099,36 months,744.4876377041373,0,MORTGAGE,98407.35004288523,0
21781.200142854115,60 months,713.659067563498,9,RENT,35542.09960888872,0
14639.949392098331,36 months,673.0772008008113,3,OWN,61425.07499821785,0
20017.66448946012,60 months,618.7850881855317,8,MORTGAGE,34129.84749591809,1
16808.18012523817,60 months,669.5488371356987,9,OWN,46086.10245605872,1
11774.401226974378,60 months,637.473977289535,5,OWN,41637.4603316685,1
16806.97802754207,60 months,650.9738275097639,5,MORTGAGE,84791.68012883123,0
22690.182832329847,36 months,709.4289202210305,0,OWN,52075.406437964804,0
14820.869804450242,60 months,763.4952252175704,9,MORTGAGE,81367.58667388033,0
22823.21827907003,36 months,699.733576491149,1,RENT,72082.41779177036,0
1901.274479551279,60 months,620.2058468982408,10,OWN,106072.77504209577,0
19109.51252187612,60 months,702.230133411007,5,RENT,30411.11553720552,0
15435.235341190855,36 months,739.8315743322826,1,RENT,85184.66479573598,0
13504.963247670663,36 months,649.5108547840309,2,OWN,82928.81740801455,0
15458.803882677512,36 months,673.2991416663541,3,MORTGAGE,40532.42323945931,0
5062.155426995536,60 months,680.7344097364598,10,OWN,80142.66672946319,0
13901.64056081244,60 months,640.755084345888,4,RENT,66722.89926052457,0
16785.562857558733,36 months,712.4140216921929,8,RENT,55450.47480093184,0
22389.47022370758,36 months,673.9525925696109,3,MORTGAGE,43521.29026056001,0
12408.648908631763,36 months,700.9766221953514,10,OWN,45617.81097101628,0
10957.531985534062,36 months,635.625391109895,8,RENT,100996.24191571852,0
12491.214782077317,60 months,658.1270849838295,10,RENT,60013.65637914965,0
19577.01058851037,36 months,716.1190678913886,9,RENT,75642.60003062918,0
16643.75554829842,36 months,661.3583423954117,2,MORTGAGE,44182.01236664894,1
12351.198981164805,36 months,766.3481925616702,7,RENT,44402.94107556722,0
17566.33716556678,36 months,660.0181907192699,0,RENT,81639.69618499884,0
15485.387746740202,60 months,691.2342362875943,10,OWN,33008.47576896936,0
19843.224952664445,36 months,726.6295415936545,8,OWN,51695.72464189457,0
11489.734530613237,60 months,609.0817133533484,8,RENT,60680.54822144464,0
13361.68926701116,36 months,591.9595594009612,9,RENT,62227.45203680105,0
13039.459234339212,36 months,603.7171842714953,1,OWN,56418.13429967687,1
7682.425259339407,60 months,743.1292051713591,3,MORTGAGE,67916.39562191846,0
16480.60138532288,36 months,652.4070927053776,7,MORTGAGE,73857.11511635623,0
16305.276360899446,60 months,807.9099642834126,6,MORTGAGE,74692.7509091866,0
15025.567283212304,60 months,651.7876200671305,0,MORTGAGE,40283.92382664347,0
13827.064333124265,36 months,689.2275651598518,4,MORTGAGE,54316.89804142406,0
7923.146289747929,60 months,757.1054976283938,6,MORTGAGE,83895.25723753875,0
12896.773386173205,60 months,780.3046444079562,3,MORTGAGE,77892.94375147745,0
13286.427417366152,60 months,783.0751788318199,0,MORTGAGE,32542.810970378723,0
10988.613653891905,60 months,740.4183115296571,8,OWN,67029.59800704403,0
14193.571441669954,60 months,731.2031262905731,4,MORTGAGE,20435.495012503794,0
17020.254284072693,60 months,709.6263474600592,10,MORTGAGE,60938.69804120739,0
24430.92950605265,60 months,718.9180538083319,1,MORTGAGE,97955.34033491954,0
15872.889064159195,60 months,652.4407141835733,7,RENT,41042.145654620275,0
16287.751953613822,36 months,639.0900558288846,10,OWN,43313.53909016836,1
14627.770421169163,36 months,679.8312771294524,1,OWN,75280.5956314572,0
5406.143923504793,60 months,671.4907688737536,2,OWN,29143.96969580708,0
14867.430622753916,36 months,657.3385975336363,9,MORTGAGE,47344.89940229922,0
15301.151049705131,60 months,714.8193723728358,0,MORTGAGE,71928.82275163505,0
27316.21056242643,60 months,727.7652604285255,10,RENT,47314.28304621194,0
14038.195176094387,36 months,684.4203443145924,1,OWN,55280.60025578057,0
16507.73671166806,60 months,753.876504052763,6,MORTGAGE,74883.71420630069,0
14826.441151473784,60 months,622.9155442933247,9,OWN,68430.92167073123,0
9156.60981190234,60 months,670.3170270360141,1,RENT,65336.36792590804,0
20714.114072575103,60 months,644.1588839698597,5,RENT,53217.554414599224,0
18759.66516343387,36 months,586.673169146347,2,RENT,67401.22230537911,0
18955.159735215235,60 months,675.865965707865,3,OWN,57525.34639800487,0
10453.062726026306,60 months,673.9126245808358,10,MORTGAGE,69156.1121985157,0
22013.971554680495,60 months,755.6724871621066,7,MORTGAGE,50061.359497640435,0
7990.744686038595,36 months,711.5405842277389,2,RENT,56348.62051240918,0
17934.285469001352,60 months,628.7906587835398,9,MORTGAGE,40200.84414895972,1
25952.278129049893,36 months,772.7046283167094,5,RENT,59299.84779987528,0
10047.318374346558,36 months,741.0516847762676,0,OWN,43779.98272742311,0
12168.51135198614,60 months,709.1048851734308,6,RENT,37719.07099676013,0
15498.256825438206,60 months,668.6757950575084,7,OWN,65173.22295710776,0
12482.621729419005,36 months,632.0280381638261,10,RENT,64254.79551715321,0
7246.682844669336,60 months,661.3896611964474,7,MORTGAGE,75657.47469897145,0
15342.814874030137,36 months,734.4374309852093,2,MORTGAGE,51377.48860849802,0
9688.481431369477,36 months,774.2293152967304,9,RENT,68161.05693673511,0
17367.962153175908,60 months,757.1621764136095,0,MORTGAGE,71015.95144547327,0
10402.878828830984,60 months,655.5575289106863,8,MORTGAGE,68895.47615663189,0
22749.672025087697,36 months,624.0191283355495,5,MORTGAGE,43486.92634395716,1
11083.733538318815,36 months,687.0443123455602,10,OWN,62987.26964542378,0
13389.692418971623,36 months,591.5780317218574,8,MORTGAGE,67282.80592109323,0
19067.58608684835,36 months,696.158385709239,6,OWN,60143.569338158835,0
8845.678417830224,60 months,672.6198706850665,0,RENT,18270.44683257831,0
16137.299673020647,60 months,656.6981749065878,0,MORTGAGE,63209.7924794696,0
21535.71377141214,60 months,600.2648466366602,5,MORTGAGE,104250.62078794485,0
6962.583827193862,60 months,705.6800053284858,4,MORTGAGE,52799.214624860346,0
15923.169292661521,60 months,653.3649580169044,8,RENT,45438.45804289357,0
16299.413971242118,36 months,621.5041582144856,1,OWN,67466.97119422797,0
18909.114358886553,60 months,536.3868893359175,7,OWN,66247.56420933144,0
8815.246445609591,60 months,678.6242547474682,10,MORTGAGE,83854.70330832829,0
8397.716934578619,60 months,768.6125798334872,4,RENT,34842.63688182224,0
17609.707828084487,60 months,763.0629607273935,1,RENT,74627.60505149985,0
16484.92336616593,60 months,657.1451871706864,9,RENT,71808.44122502927,0
16252.464251729383,36 months,649.889396981911,10,RENT,57157.06926118908,0
16732.24104748488,36 months,703.4387128037512,10,RENT,66773.7463584338,0
11599.876392107546,36 months,630.0807280405854,5,OWN,80589.14963196714,0
16161.268485805018,60 months,695.0895949909733,9,OWN,77446.30760056901,0
16465.362366493406,36 months,718.3040139192345,7,OWN,37139.613758525426,0
11428.24290986816,36 months,741.3466611942154,3,MORTGAGE,76403.16373510969,0
24328.872555723785,60 months,674.9922961760024,1,RENT,58706.22789934963,0
17369.164604558937,60 months,669.8163124911517,10,MORTGAGE,61457.48196031031,0
9043.482513986757,60 months,636.1008706621719,4,RENT,61463.93982003389,0
18282.768043169148,36 months,638.655982298007,1,OWN,56995.1402240348,1
10126.591648863392,36 months,668.6760554049237,1,MORTGAGE,83834.1499421413,0
18935.42301871226,60 months,698.3682753408089,5,OWN,58325.64080301576,0
20792.97789503702,60 months,725.6792313116624,10,RENT,37609.07743233663,0
10896.588408241449,36 months,639.8410524659828,9,RENT,52129.40288060543,1
19816.88064622161,36 months,754.6344284479761,8,RENT,63573.89433620951,0
17063.90463468249,60 months,666.4438199478716,3,OWN,84584.295685941,0
19110.30079997245,60 months,678.9316352825782,5,RENT,72061.89369897667,0
24483.964913269738,36 months,642.6394160426088,6,OWN,42989.294425059124,0
13773.059419985648,60 months,558.787986986353,10,MORTGAGE,109703.79833357784,0
11231.319178212552,36 months,724.2022698180525,5,RENT,65295.5062195596,0
10552.427851872384,36 months,716.8421948546217,7,RENT,85507.8147599803,0
10920.948575172808,36 months,665.9336221440893,3,RENT,56965.711328455414,0
14614.491452929478,36 months,683.3495358612436,0,MORTGAGE,70667.18489410898,0
16705.759874083218,60 months,705.796960885205,6,RENT,76789.37009036809,0
16383.453996650096,60 months,601.8727071556729,2,OWN,84363.89423508511,0
19135.91624518012,36 months,653.5473661326853,5,OWN,81147.3661075645,0
15065.009459389536,36 months,719.7132339810913,1,RENT,77443.94000145956,0
22267.670385786583,36 months,617.2855288415375,8,RENT,53698.26537611783,0
13676.71583381022,36 months,694.6778966083315,0,MORTGAGE,48565.07916087877,0
28600.845832948093,36 months,612.1709097688297,5,MORTGAGE,66652.15020648396,0
18128.33673882503,60 months,703.3214991216763,5,MORTGAGE,78662.56144682139,0
10714.212217918586,60 months,678.2179258851259,4,RENT,55545.585984467856,0
9645.537509694437,60 months,599.2434092047246,4,MORTGAGE,81303.43931428774,0
17412.362076215926,60 months,738.2369677228586,0,MORTGAGE,89052.33490972359,0
13882.686073370745,36 months,643.2704211600975,9,OWN,41673.58161853161,0
18570.00247046046,36 months,639.487378149281,4,MORTGAGE,43261.5859240744,0
17366.188122867723,36 months,690.0284598615472,1,OWN,57192.49882189327,0
14635.855436715636,36 months,737.4318674714358,6,OWN,66152.25336378392,0
10766.031409657975,36 months,629.2089090510801,2,MORTGAGE,49508.65972465898,1
7425.763876570677,60 months,683.0839924923986,3,OWN,87044.05357734289,0
12767.425239664895,36 months,701.4408250165286,2,RENT,68481.33723036903,0
19281.99397161736,60 months,714.6552803631572,2,RENT,60788.94096481479,0
16070.46872065102,60 months,688.8220777638612,3,MORTGAGE,31281.80952262945,1
8771.30610644006,60 months,661.6486080458338,4,RENT,33683.68367144986,0
15865.90462925591,60 months,638.620488967564,0,OWN,65620.18500563613,0
16926.586898644186,36 months,684.3071941523187,3,RENT,17348.087476903274,0
10580.712818994336,60 months,626.3930494007196,10,MORTGAGE,80252.74819288144,0
15768.62552972764,60 months,533.9324758252696,7,MORTGAGE,56836.923112553595,1
15291.04359223,60 months,701.8279902078834,9,OWN,124861.85939189466,0
9285.148510846884,36 months,725.1967420543098,6,MORTGAGE,106158.32501232221,0
16788.936801741416,36 months,561.8533782229081,8,RENT,56371.01861504967,0
17803.92263184117,36 months,629.5134647645032,4,MORTGAGE,57873.2599493737,0
20415.256215876383,60 months,710.9577130502599,9,OWN,79911.6302800406,0
20269.010260174517,60 months,782.8747734855849,3,MORTGAGE,94063.45219836076,0
8111.653160214545,36 months,681.0396853837703,7,RENT,27239.418851279665,0
10310.874800424386,60 months,643.5998529385433,8,OWN,24272.49069290627,0
17575.1763360433,36 months,670.855177944758,6,RENT,47559.30388891237,0
17568.929754561043,36 months,748.7438209574093,6,OWN,71654.75166347729,0
17575.23843153024,60 months,647.7017910437733,4,MORTGAGE,69937.47181015194,0
34263.657453273605,60 months,640.0403996674873,3,OWN,81395.429099677,0
17854.452553465835,60 months,655.8628238908984,9,OWN,36006.049432693835,0
20677.828200902994,60 months,632.3335695870644,0,MORTGAGE,13677.122740622464,1
19770.008817466012,36 months,686.1335157997398,9,RENT,77160.28390604291,0
18256.95625652899,36 months,761.2339229234781,9,MORTGAGE,43436.07454069531,0
13423.653776798272,36 months,696.1539636558015,6,OWN,19630.242712227242,0
18794.846102466337,36 months,667.3823248936856,0,MORTGAGE,62901.274919187636,0
11135.873927312141,36 months,665.4094365542228,0,OWN,75863.51376437355,0
13815.906966299955,60 months,601.8404595651672,4,MORTGAGE,57558.85735757445,0
12573.182260854483,36 months,724.1554888573579,8,MORTGAGE,50843.03227635022,0
15409.370696931614,36 months,676.1081401493599,5,RENT,56812.75535708187,0
26573.292833367545,36 months,670.9760043204687,2,OWN,52588.34475198435,1
5663.674037041259,60 months,839.655378392243,2,RENT,33039.05776119666,0
18431.300951872567,60 months,694.9376454182843,6,OWN,45706.38646019137,0
6936.420644051742,60 months,642.4104474952408,5,MORTGAGE,70425.59810027629,0
12640.340671052832,60 months,658.6821201897228,8,OWN,66433.57082753,0
20444.75298483683,36 months,737.4222854598378,5,RENT,63361.196119336404,0
15321.400095477315,36 months,685.6635205268882,4,RENT,40097.03036293241,0
9611.276110353469,60 months,608.0861010841317,9,RENT,56369.936757286654,0
11423.481453700158,60 months,725.9614467287602,6,OWN,16458.699071142903,0
18397.988744673377,36 months,646.5927957230504,0,RENT,63569.53327770779,0
11348.166841414317,36 months,773.6648888108773,6,RENT,88577.15415627134,0
16082.292947909875,60 months,734.0024032857324,2,RENT,30517.357359157886,0
15227.859199519069,60 months,657.6339052170624,8,MORTGAGE,48281.44653364489,0
11741.998261970915,60 months,744.0508180867556,5,MORTGAGE,66582.13557420259,0
25719.720446626627,60 months,683.3927755263702,8,OWN,85056.85268854967,0
18169.595111590057,36 months,722.6386837561109,4,OWN,51035.50767399701,0
4874.287066711964,36 months,704.2366408647238,6,RENT,46154.993414682074,0
15932.271573847138,36 months,637.6821672504564,3,MORTGAGE,20621.537151678334,0
11691.06767615806,60 months,647.8225083841269,6,RENT,62068.76258616213,0
19262.16667398112,60 months,731.4980408790581,0,RENT,100841.52080287487,0
11037.396307836498,36 months,663.2612333946729,6,MORTGAGE,65547.16923929352,0
14426.317792665504,36 months,659.8175768379002,7,MORTGAGE,59554.42041632573,0
17524.936394902285,36 months,632.2438710325323,4,MORTGAGE,66441.64621533972,0
19328.775970850606,36 months,701.1799532796731,1,OWN,59778.15992102796,0
8998.517964721119,60 months,783.1262459621572,4,OWN,43739.7125547974,0
13327.493820795258,36 months,626.6233542872864,5,RENT,76465.5983135541,0
12625.27344419522,36 months,681.2109728336379,1,OWN,64515.230462235086,0
11733.35383713144,36 months,750.6110277707714,5,MORTGAGE,60352.26503867315,0
23827.271201405485,36 months,676.0179304377142,5,MORTGAGE,40492.679454435,0
17024.908554804777,36 months,702.6185898124867,0,OWN,86070.15863869518,0
8695.580228324774,36 months,626.880323592656,0,RENT,73294.0549066622,0
19589.30973527388,36 months,701.4153548603824,10,RENT,48941.58325265396,0
25610.780985063167,60 months,670.6427867497725,9,OWN,80036.49707363875,0
20162.326302755733,60 months,729.2864997839931,2,RENT,50048.58323229586,0
7403.150170229933,60 months,739.3693025782376,9,RENT,44359.93014977926,0
12578.829635668742,60 months,809.4781821009307,9,RENT,44805.93765039426,0
21334.555745933114,36 months,708.9816586606788,2,MORTGAGE,24578.628938238173,0
11461.652671906097,60 months,696.2898158291083,3,MORTGAGE,69430.84760836411,0
17219.09714073114,60 months,689.7192150788668,1,OWN,23377.102433232998,0
18873.170267146685,36 months,662.3416853594656,8,MORTGAGE,35431.12337468474,0
10365.347642109586,36 months,696.9241921730845,9,RENT,18488.239818429334,0
14702.373219690999,60 months,665.2299294930485,10,MORTGAGE,58278.60614418214,0
-1206.3367003453623,60 months,688.4230488134807,6,OWN,56993.59079456256,0
9878.06179332855,36 months,745.879876780398,6,MORTGAGE,53466.075736272716,0
13737.159243034199,60 months,629.6728717360179,5,RENT,39148.446106588475,0
8761.084090175753,36 months,736.9939280564523,2,RENT,36555.3249312672,0
23162.056519658177,36 months,745.8557533669932,5,OWN,69287.39727093148,0
7849.293110196837,36 months,674.0965736504461,7,MORTGAGE,48988.96136583025,0
12799.77756651508,36 months,573.9072550495703,7,MORTGAGE,66327.1664307229,0
15653.702886430458,60 months,649.6089006452784,10,MORTGAGE,42295.02627751555,0
22206.366445330576,36 months,744.8497273280555,8,RENT,63621.25485542165,0
7820.689244102803,36 months,678.8565968850559,0,OWN,86065.56074632128,0
20815.818760774797,60 months,630.0348883852545,0,MORTGAGE,71723.31600785567,0
15051.165305097935,36 months,654.7612539385891,2,RENT,51751.723635670394,0
10092.456744760246,60 months,722.0310013252276,2,RENT,65143.979407118546,0
17310.517371316353,60 months,707.336678410069,9,RENT,55186.69650939574,0
15995.29847786735,60 months,668.0533950415153,7,MORTGAGE,60157.60369389456,0
11998.915614206027,36 months,661.6587794092657,9,MORTGAGE,53487.77895702993,0
15349.010424950095,60 months,660.4120925478089,0,MORTGAGE,56713.29588229218,0
13073.4320156912,60 months,633.8794907750748,1,MORTGAGE,64241.86706148351,0
15567.58672625624,36 months,760.7687844734721,1,MORTGAGE,40132.826008360986,0
18310.653372605233,60 months,663.883976539433,2,MORTGAGE,39682.42346020043,1
22930.08408072676,60 months,740.8579260412748,5,MORTGAGE,32229.14892337578,0
8810.922505865754,60 months,756.0658025961226,0,MORTGAGE,27994.577909925803,0
25665.166873281334,60 months,729.915544907398,1,MORTGAGE,35654.346155590414,0
5239.561002387491,60 months,658.4189843640976,0,RENT,63189.250136082585,0
14241.074524822083,36 months,700.1865045168305,4,MORTGAGE,42144.24969016232,0
17941.58603242288,60 months,678.7902196804542,6,OWN,70272.28928462192,0
16404.959338675162,60 months,634.8149069634936,7,RENT,60694.27497505124,1
11886.50240089703,36 months,696.2179640860802,9,MORTGAGE,20629.91573123893,0
13959.388748213623,36 months,621.0480104420099,0,OWN,73099.51168443379,0
12534.995326705835,36 months,739.3839694230782,6,MORTGAGE,76215.9729118342,0
12053.176215278942,60 months,656.7691351350803,4,OWN,40122.74650330293,0
19248.010485105122,36 months,690.0579827936419,9,OWN,68403.83085789983,0
16785.077429825236,60 months,694.1643935773071,0,OWN,42870.03525181602,0
11535.45202369673,60 months,667.0547513147961,2,OWN,61953.40753496671,0
19497.999377166256,36 months,709.3346900737637,6,RENT,34710.031860900686,0
16536.497604383047,36 months,656.2548171688737,9,RENT,24137.87094930846,1
19064.3105941948,60 months,723.5648648728622,0,OWN,52343.65620774063,0
18148.14420961806,36 months,612.7010159876626,6,MORTGAGE,57525.421074503276,0
10855.02494538964,60 months,686.3189789773206,4,OWN,52046.406127707916,0
12199.094799015153,36 months,776.9464499529142,0,RENT,36319.388835548816,0
18736.46802561631,36 months,629.9834337697213,0,MORTGAGE,52002.01875737726,1
18051.851327167326,36 months,646.1127514737574,0,RENT,65385.89505161468,0
14895.492030179259,60 months,705.6953924829457,10,RENT,59102.13939754926,0
15586.63691654391,36 months,688.9790890969799,8,MORTGAGE,63650.02061198427,0
21388.324478942122,60 months,697.531504963678,10,OWN,46597.695990915345,0
12042.14305582085,60 months,704.4593565073832,2,OWN,83434.35829432319,0
17735.48690585019,60 months,711.7360734280885,4,OWN,36476.533268904386,0
13989.03673783053,60 months,735.4849920978112,10,OWN,69751.20594173437,0
13911.593983863899,36 months,700.4909328464256,9,MORTGAGE,83637.82185919923,0
20493.88425993595,60 months,667.9371172690729,8,MORTGAGE,69618.16185497791,0
19127.08174494015,60 months,713.6286850601366,5,MORTGAGE,55949.5154587034,0
19067.548180003192,36 months,774.9940967447608,8,RENT,49434.05906674042,0
21527.394035771646,60 months,673.3683126808713,7,MORTGAGE,80721.75302092513,0
15105.019208163796,36 months,631.273534766468,7,OWN,31540.50149476654,0
18409.76485647482,60 months,735.3540334643486,0,RENT,40597.51479240713,0
13448.66621703272,36 months,673.9809418023201,8,OWN,52048.84469016557,0
16620.83176244221,60 months,571.3665226992982,5,OWN,84753.07515023997,0
14349.284728161578,36 months,722.3710838575211,8,MORTGAGE,67595.35272081791,0
15484.979824963591,60 months,653.2335907023039,2,MORTGAGE,40639.084829795094,0
17975.78512718457,60 months,675.4733358847919,2,OWN,53793.84589230193,0
10908.896583832637,36 months,696.5990165284508,5,OWN,47713.53711807411,0
25461.9363784273,36 months,689.5249839889533,8,RENT,45804.2201553293,0
9969.91309250149,36 months,715.472590856952,6,MORTGAGE,79577.79117113558,0
8929.056936061339,36 months,658.2256814715079,2,RENT,32565.13741472989,1
20790.55436750034,60 months,705.6552899088041,2,RENT,92175.61711468747,0
18958.31346981468,60 months,667.0226661208042,1,RENT,76564.59380369246,0
18120.599085260776,36 months,716.9405240443751,8,OWN,81817.23341207395,0
18141.7275463214,60 months,710.7683742006527,2,RENT,50741.209759494835,0
14938.766135765427,36 months,633.2280648977702,10,RENT,57001.18561841781,1
10513.728142570842,36 months,734.2991058087516,4,OWN,31336.963709505762,0
15379.022790968631,60 months,653.2018277442976,8,MORTGAGE,49506.75185866394,0
11614.191442439442,60 months,720.4028899140573,7,MORTGAGE,69873.09695286302,0
19875.598667088758,60 months,698.3643656700671,1,RENT,85921.26123562793,0
14264.713092489306,60 months,771.9091838397561,2,OWN,37856.863663950964,0
10872.514016037443,60 months,668.8267008814074,1,MORTGAGE,52689.881260294685,0
13393.070791735034,60 months,662.5341601940901,7,RENT,56974.015595349556,0
17064.65727137812,60 months,679.0290197056133,5,RENT,32084.215956150296,0
12181.377235980126,36 months,664.8410108582863,5,OWN,71826.98483516801,0
10888.898022167843,36 months,719.9970950971025,8,RENT,45520.19336514782,0
16218.436057459561,36 months,599.1844695781706,7,MORTGAGE,56092.19297645952,1
16224.832855543615,36 months,627.3158790426824,3,OWN,50961.01256176244,0
12465.28412314435,36 months,626.6098539210403,3,MORTGAGE,44213.22988560652,0
12644.808471908385,60 months,727.5153795986788,8,MORTGAGE,59859.10029038891,0
16160.249686788182,36 months,765.5306686290962,0,MORTGAGE,55687.80842863955,0
7759.578292513379,36 months,674.7775390731264,1,RENT,52562.84235442669,0
7962.681128117224,36 months,671.5589138404995,1,RENT,45430.767566393144,0
11407.77889373782,36 months,683.5026081556591,5,MORTGAGE,66390.4934156591,0
13932.764241440764,36 months,738.0939151304095,3,MORTGAGE,93072.3453698457,0
16554.53782799002,36 months,633.6323432904713,10,OWN,62797.74465678255,0
22376.78108474776,36 months,691.9184491367392,9,OWN,79922.36429822259,0
19288.298116010097,60 months,728.7598814891215,2,RENT,32195.561496930746,0
14200.307350182864,60 months,705.0547084969922,2,RENT,63155.22878587539,0
14904.918960486555,36 months,689.4790808299372,2,OWN,38052.633620578665,0
9987.353176810957,60 months,730.0523046283571,5,MORTGAGE,30461.50144936197,0
14907.43432003805,60 months,544.8383853500382,7,RENT,45212.57185081927,0
13556.706805399308,60 months,713.8937659765454,10,MORTGAGE,83837.98668827146,0
16613.592801690447,60 months,647.2962158436288,6,OWN,79000.31657339292,0
10863.845282238384,36 months,588.4683551571771,3,RENT,64860.094441088,0
17596.732571205863,60 months,705.5601299762491,10,RENT,29345.988802201384,0
22663.694565012887,60 months,748.6829272581479,3,OWN,56074.386972241264,0
14456.199257715713,60 months,673.1275742686154,10,RENT,66034.00017803471,0
17008.558610494707,36 months,727.643727360147,9,OWN,63510.72459157196,0
18450.719958555565,36 months,760.6139128994323,10,RENT,23124.128330385087,0
12993.897640570818,36 months,745.7457226792023,10,OWN,42193.64303960257,0
16120.462409052085,36 months,761.9982264685697,10,RENT,58718.44471702567,0
15062.962003908975,36 months,717.1063745535946,1,MORTGAGE,70725.8181903438,0
15488.380492744158,36 months,683.7716819450796,0,MORTGAGE,16077.443578001068,0
11134.951080722667,36 months,599.9017094051416,8,MORTGAGE,56757.52049040283,0
15122.550871294714,60 months,667.6968755935026,1,RENT,62860.975397579045,0
17489.99145622725,60 months,637.8376702341905,7,RENT,76992.23977032426,0
22255.71803897521,60 months,788.5471358748907,8,MORTGAGE,73857.15168474874,0
19796.354130426036,36 months,671.2057093783832,3,MORTGAGE,71651.4263761761,0
25765.91228755778,36 months,686.1602403392243,7,OWN,44001.189865961314,0
11163.262185559754,36 months,707.5742688020234,8,OWN,21839.957257533846,0
19361.60318360339,36 months,682.1801223186227,9,OWN,52138.94485877198,0
15916.71002869176,36 months,764.7525520215377,9,MORTGAGE,80032.6365041712,0
25949.014666088362,60 months,648.8675319132774,4,MORTGAGE,87869.09055048863,0
10958.508573224242,60 months,689.7303727618621,6,MORTGAGE,74210.98204595571,0
10801.39078909612,36 months,642.8764707150976,9,OWN,68586.81645603469,0
12003.03677277989,36 months,613.9988744389647,3,RENT,67592.79296771932,0
4380.521378450965,36 months,649.4115454547357,0,MORTGAGE,48877.62506478439,0
12371.224891596194,36 months,678.1481601475793,2,RENT,57398.7941289276,0
11204.33669223151,60 months,658.534888774137,4,RENT,93381.39051652662,0
15751.968932381038,36 months,645.3789510063073,2,RENT,41148.83988416247,1
16708.779878885798,36 months,609.6841268164083,10,OWN,92295.57581419703,0
24380.854196079432,36 months,675.8447213685653,6,RENT,53559.43691015883,0
19752.11919093025,36 months,604.7639812984498,8,MORTGAGE,86508.64218190157,0
12115.481721687986,60 months,718.0027981844801,5,OWN,31863.699810049235,0
10507.92664325821,36 months,684.1219876467252,9,MORTGAGE,71718.08402329298,0
17459.595857532528,36 months,607.1224250267535,0,MORTGAGE,45264.597281047565,1
8398.833964896789,60 months,664.5395461475068,6,OWN,31694.65616151625,0
24157.293829271766,60 months,642.3921797204708,2,MORTGAGE,64370.680848218915,1
20897.200603606434,60 months,695.958725520959,4,MORTGAGE,80189.43577191938,0
12654.121739476475,36 months,747.0225223011572,9,OWN,43101.17122813007,0
6434.327354545612,36 months,586.2413765177128,3,MORTGAGE,30019.680790831975,1
21769.361870827066,60 months,685.7513039573709,9,RENT,58163.1047133009,0
14427.30077373691,60 months,671.993360221668,4,MORTGAGE,58251.29342445638,0
21189.081559867307,60 months,713.5670038225232,4,RENT,70966.39255108997,0
7027.861706028165,60 months,690.6598314118845,5,MORTGAGE,78991.89142728977,0
12003.124885231136,60 months,642.401533413059,9,OWN,58811.69637455012,0
15026.218498590915,60 months,664.0473032166691,9,OWN,97110.06629588526,0
15234.90296882371,36 months,640.1987071598255,10,MORTGAGE,64484.69489070583,0
12749.672642603782,36 months,733.8003569299299,5,OWN,53071.46987986201,0
18114.249661737493,36 months,681.0655824335971,7,MORTGAGE,27768.652817943443,0
9661.897853087028,60 months,775.0595342876504,7,OWN,54746.80959367665,0
14288.102574893532,60 months,676.966959309269,10,RENT,53272.261091777276,0
15601.478158559494,60 months,644.5796616544768,8,MORTGAGE,79206.0959256294,0
17572.194170293744,60 months,604.3142803693586,7,RENT,69249.67248133708,0
18558.07439044445,60 months,589.8430161872027,10,RENT,36412.617567347654,1
9376.789540810654,60 months,600.7932028497255,1,MORTGAGE,63445.08772822075,0
7329.429146321889,36 months,693.3563325505742,9,RENT,73430.62343458107,0
21388.384109492545,36 months,705.4362511614967,10,MORTGAGE,90560.62718775665,0
16661.57005989796,60 months,600.9404648983933,0,RENT,77750.07934828119,0
11257.567317217232,36 months,724.7519157038058,9,MORTGAGE,75216.93308622956,0
22755.759877612614,60 months,655.846947415828,1,MORTGAGE,61201.71989230327,0
15578.373171464293,36 months,687.3396505992774,1,OWN,67766.24010846899,0
20896.48592031913,60 months,760.6110314127712,2,MORTGAGE,84990.09801412317,0
15337.592407050544,60 months,724.8419657932766,9,MORTGAGE,33344.45205040701,0
25303.739624409936,36 months,666.5734676047084,6,RENT,53011.21345566088,0
23776.70421221602,36 months,635.4403887292357,1,MORTGAGE,44548.62502487519,0
13755.179257604632,60 months,572.4092299335348,0,OWN,67583.06237452249,0
19857.854754771775,60 months,644.042334037879,5,RENT,84604.44351301575,0
18226.879747925737,36 months,669.4434880586152,8,RENT,48060.514265578524,0
21843.157787661745,36 months,630.6410236424408,2,OWN,12193.912650611237,1
10175.382697099478,60 months,673.4371516453848,5,RENT,51755.5850995106,0
18430.257299992198,36 months,683.8425941479384,2,RENT,78269.47464034813,0
20292.12243424794,60 months,668.7572009095961,0,RENT,70752.5980589976,0
6206.302567884428,60 months,647.499870958827,4,RENT,68563.72495621152,0
9083.707436671124,60 months,688.4327335983364,9,OWN,54400.13396251041,0
4803.839111199497,60 months,702.0970324784705,10,OWN,34419.385275604276,0
13652.96582777721,36 months,625.4800461278577,3,RENT,70305.88643248935,0
18587.711278979812,36 months,750.5466189873135,6,RENT,43314.36379930751,0
22511.78526048014,36 months,675.0705933857869,5,OWN,103681.93466760912,0
15370.473902098876,36 months,680.9424811472423,9,OWN,71410.14416709032,0
23143.07772785646,36 months,715.4107211628278,6,OWN,48387.03394892098,0
8099.492708925543,36 months,691.6608065631751,4,RENT,47772.29505222743,0
6483.087803224227,36 months,727.6568316956623,3,RENT,58141.11586772824,0
14722.261505516906,60 months,694.3562082600912,6,MORTGAGE,55209.961559565,0
16920.327244696535,36 months,649.3781312679781,6,OWN,82336.67551059909,0
14836.526259529535,36 months,698.075176260305,5,RENT,63728.32339488093,0
4662.789499800618,60 months,622.8136896339669,7,OWN,45367.36522182944,0
14554.399802436057,36 months,685.4279852888261,3,RENT,97808.81370311565,0
8477.652497475734,36 months,678.338500467777,9,OWN,60986.166630404456,0
18348.362744150192,60 months,669.594157136373,4,RENT,75376.79351937794,0
16832.99123048424,36 months,673.5731244280535,3,MORTGAGE,47835.46985110482,0
10300.601068363223,36 months,585.9075477251181,0,MORTGAGE,67262.31255489046,0
12430.665413316532,36 months,652.5637546129519,7,OWN,66222.1998228639,0
9703.932390555241,60 months,684.6422450570558,0,RENT,22207.01415807694,0
14686.60451363414,36 months,687.99281959987,4,RENT,100305.5022092128,0
19775.71160250619,36 months,628.6162429537021,5,OWN,85812.88921845095,0
10071.369768322282,60 months,743.285392043235,5,RENT,52056.09367708025,0
17520.23257758922,36 months,636.691257589275,4,OWN,37954.605190882896,1
12348.711908137797,60 months,728.4728600263369,2,RENT,66951.23227607104,0
11035.635838688278,60 months,701.3597180935842,4,OWN,61733.95398828793,0
14464.84820022721,36 months,647.6886345078099,7,RENT,67113.37897126458,0
9823.788387903129,60 months,768.7655446304756,1,OWN,63831.54792388179,0
12231.753473264089,60 months,620.318158412176,5,RENT,70124.81978611852,0
9010.610537055758,36 months,725.9577086805001,8,MORTGAGE,88946.11398783613,0
24823.625664581945,60 months,730.0291159021489,7,RENT,71362.06410257293,0
15176.317759858643,60 months,646.4689895461678,10,OWN,39006.89002180118,1
11501.372460037072,36 months,749.6232650032165,7,MORTGAGE,87251.25705424904,0
16069.89955367111,36 months,667.4976742700524,7,RENT,92812.29126976574,0
14438.359751545851,36 months,694.4346814639929,6,MORTGAGE,123041.1346902417,0
13895.152002333885,60 months,693.0160919385611,7,RENT,37530.119335208045,0
18070.833500217126,36 months,673.2845629264726,5,MORTGAGE,64857.6402630055,0
18787.538550236524,60 months,720.5404136579891,1,OWN,18358.025936220256,0
12347.494261947362,60 months,719.6744360276107,1,RENT,71062.98312758419,0
12120.908796776599,60 months,592.573401338091,7,RENT,49035.994036664546,1
13624.74151424178,60 months,745.2170121439076,10,OWN,98468.91589649906,0
3490.3941763220755,60 months,596.8754005982163,0,MORTGAGE,44507.70059962836,1
7424.044689007239,60 months,731.6273102170828,5,OWN,26216.339240654765,0
21834.371337222623,60 months,736.3352568413792,5,OWN,50574.7251859496,0
23224.83856750642,36 months,625.4516784892401,10,MORTGAGE,20490.24457565725,1
13754.819802218108,36 months,659.4592856022707,3,OWN,75021.9890901462,0
17882.784815278832,60 months,624.7147665757033,10,RENT,18698.33907487359,1
16556.25077271768,60 months,669.2539484855632,10,RENT,60569.15162366318,0
30394.40404227619,36 months,664.5982857907129,9,RENT,18443.76360287606,1
20597.874557172883,60 months,718.983026613467,2,OWN,53594.04390926716,0
14360.412042596166,36 months,745.5154373059804,10,RENT,92867.56311609068,0
10222.297796997871,36 months,749.7841905394978,2,RENT,67212.9578287159,0
6967.768398712137,36 months,651.8915986710849,0,RENT,42730.12790070132,0
16017.318179336115,60 months,669.5389063127736,2,RENT,59375.93022121832,0
11218.246273578483,60 months,595.8280903889524,3,RENT,60360.33744088893,0
7888.731452011629,36 months,639.7064966751906,10,RENT,69452.60691686811,0
11767.135578787367,36 months,728.2425816548729,10,OWN,32662.83273438347,0
9592.259981928026,36 months,760.7791411774116,4,RENT,71851.34547694662,0
23435.708175362823,36 months,618.2825564060039,2,RENT,5912.167367944494,1
19408.198784747252,36 months,650.3767870423553,5,MORTGAGE,47402.30895272379,0
14960.136793416914,60 months,678.6797121520536,10,OWN,50234.52315096911,0
22399.72069445013,36 months,694.0080579409804,4,OWN,72666.53652142477,0
15386.841538238092,60 months,639.5198240039177,2,OWN,60452.61705353738,0
10693.578993358682,36 months,701.2030522232045,5,OWN,31888.73892287427,0
22615.620386348288,60 months,656.3080326464542,5,RENT,40300.137483659695,0
17694.550218423294,60 months,679.277386456086,7,RENT,63973.600190948135,0
9813.769228367717,60 months,707.3142124001849,1,MORTGAGE,58418.65316270888,0
14048.30660958196,60 months,680.3211134905468,0,MORTGAGE,48417.51780728507,0
10621.908733076214,60 months,658.1807054736715,3,OWN,50383.32420976041,0
8086.00134517832,60 months,674.5195098037085,6,MORTGAGE,73923.35994318579,0
19630.887737658206,36 months,675.5818520397332,10,MORTGAGE,49646.14854261571,0
24547.083202350652,60 months,661.4994485058936,9,OWN,58238.175119418534,0
8007.162130904294,36 months,667.0601968666449,2,OWN,103398.73176161086,0
17814.846183452853,60 months,759.9323585252358,2,MORTGAGE,31526.34726232154,0
11746.787154390866,60 months,708.045972397062,4,RENT,22963.145368506826,0
12564.37308117652,36 months,665.225984098542,4,MORTGAGE,75671.79329597214,0
12038.030378805654,60 months,714.8477202255368,9,MORTGAGE,46427.138774117935,0
10680.04615160092,36 months,663.3090255121995,2,RENT,53635.249445147594,0
15242.608139724134,36 months,738.656231879332,8,RENT,44376.872437377715,0
10845.249417944811,36 months,698.4821096099047,3,OWN,54803.99718464975,0
16352.284128899195,36 months,674.6348927997885,2,OWN,91970.76224192683,0
14748.809452754314,60 months,702.3858462905139,10,MORTGAGE,76042.56917236239,0
13805.259765667952,60 months,601.456192396575,1,RENT,77244.47023773954,0
10462.18168979201,36 months,623.6616265545098,9,OWN,31675.45888414709,1
12116.143347158337,60 months,620.3037496800472,10,MORTGAGE,36976.925268942614,0
18776.95612912878,60 months,687.1471547381853,8,RENT,3218.426810291465,0
17504.585938121905,36 months,766.6257499742546,3,MORTGAGE,43812.38357834492,0
10112.223776007246,60 months,791.5650073096316,2,OWN,79134.06372771316,0
15496.661527146129,36 months,711.9025550720379,6,OWN,70338.93031496742,0
18756.935616858944,36 months,705.0422237472228,7,RENT,55569.73474095752,0
6652.973594393141,60 months,589.947113292363,10,MORTGAGE,59553.99432563894,0
17716.800961899677,60 months,652.866310013299,1,RENT,46222.28914849189,0
11686.881205270767,60 months,640.610812404588,6,OWN,64095.177648035686,0
17852.993342965798,36 months,648.9576200874442,4,OWN,75317.56558961229,0
11183.704217287415,36 months,671.5928090707605,10,MORTGAGE,27682.264251790544,0
5975.589496677405,60 months,656.3954711151437,4,MORTGAGE,65992.95375674697,0
6862.287810584186,60 months,581.0350094812106,2,MORTGAGE,78648.69741909334,0
15240.42473330691,60 months,717.3955128058767,4,RENT,51697.99422073261,0
16298.61250860741,60 months,626.3628487130097,1,MORTGAGE,74014.01224241167,0
10478.416874477956,36 months,691.9623432055574,3,MORTGAGE,116293.08888945106,0
18192.96229388687,60 months,783.7041334874987,5,OWN,57913.144140262164,0
6692.399688655201,36 months,634.0307704206789,0,OWN,67866.14100010647,0
14669.601006763418,36 months,553.4856238626835,9,MORTGAGE,45238.85832677217,1
8944.919001187716,60 months,665.6997889059944,3,MORTGAGE,63625.023252041006,0
11740.819460989205,60 months,735.0479817499286,5,OWN,69205.43249964608,0
15236.99335658207,60 months,777.9173727110297,8,MORTGAGE,63896.84680540276,0
10697.933173580237,36 months,618.5225202773792,10,RENT,39606.09360582287,1
13077.222278850873,60 months,704.8349611618261,10,RENT,64127.23542650901,0
20031.464046072204,60 months,656.7344771609974,1,RENT,89243.91877435273,0
12115.540652384256,36 months,674.7025822847933,10,MORTGAGE,68972.71529029055,0
19178.460560325708,60 months,812.2171673508517,6,OWN,79239.74378143682,0
9351.46572671191,36 months,604.8514835802423,5,MORTGAGE,55259.760599747446,0
17649.020889576415,60 months,692.6869830747287,1,MORTGAGE,74998.00478847421,0
22207.843103289502,36 months,703.3846585882717,7,OWN,65585.35676433051,0
2641.777499363554,60 months,734.2893162469674,6,OWN,40981.78540625536,0
11015.523722647617,60 months,684.8991576735448,10,OWN,66370.42009597749,0
17885.3606359027,36 months,695.4025269752051,4,RENT,40166.06673119379,0
13984.773069785037,36 months,660.4175716289104,4,MORTGAGE,47342.39450230416,1
16855.729366856543,60 months,693.4563470622554,6,OWN,63786.56614584748,0
11980.074066420897,36 months,662.8403862251295,8,MORTGAGE,65944.88546760248,0
15432.9489373645,36 months,711.0785944928025,10,RENT,36215.35069845742,0
14221.613823039603,36 months,661.5194831978183,8,RENT,81079.71542365753,0
20838.910308299037,36 months,698.8550196951094,8,OWN,71440.12556600946,0
16272.104216506066,60 months,678.536859315751,5,OWN,45905.431287782325,0
16688.01331037601,60 months,736.3025125386084,9,MORTGAGE,29248.304071016493,0
12940.615169387664,36 months,677.4303138205756,5,OWN,57101.90841837137,0
12561.968879637532,36 months,591.3483765896559,2,MORTGAGE,51081.12572277679,1
12837.209060901896,36 months,743.0960750356996,0,OWN,62262.809141060454,0
16972.260711891486,36 months,634.713384956869,6,MORTGAGE,52737.66677688867,1
12895.077595898685,60 months,647.311683067559,3,MORTGAGE,19850.862785099802,0
16448.874284482066,60 months,650.2169352978254,0,MORTGAGE,52233.061233976834,0
25377.003993227194,36 months,748.7219046585409,7,MORTGAGE,53887.61777863374,0
19355.623517158463,36 months,573.2162893010652,5,RENT,72673.22049548118,0
13369.882339160795,36 months,836.8874266829997,5,MORTGAGE,46036.006507779006,0
21006.069610819723,60 months,732.8028404533026,1,OWN,93573.49346745132,0
12959.623134892243,36 months,691.161945706458,0,RENT,21767.18898696486,0
4809.37732411073,60 months,677.2552999691857,1,RENT,86223.3499560525,0
9959.56844541298,36 months,694.2777037428829,3,MORTGAGE,55513.62058243791,0
5646.040394870721,60 months,706.0561214189669,1,RENT,77191.69744687113,0
13242.432579793456,36 months,712.2607792975028,0,MORTGAGE,61596.02968117466,0
15092.091895947759,60 months,707.7802233001725,6,OWN,82791.11072050939,0
23382.186561376413,36 months,684.4790340627625,10,MORTGAGE,52252.76070894377,0
16634.636868820813,36 months,670.1330789846337,10,RENT,38027.591496443754,0
13904.497355955678,36 months,672.4363358173244,7,OWN,88410.08574542127,0
19147.027905917446,60 months,670.2545859823659,5,MORTGAGE,57730.38708235718,0
3944.323454960575,36 months,736.6885048433533,3,OWN,64431.16947248421,0
16178.07279054283,60 months,709.6778361140431,5,OWN,84695.03828089591,0
18854.325969434834,60 months,532.980568266786,2,RENT,39360.89515811131,1
7607.068771100792,36 months,712.795038826488,7,OWN,71909.81795278515,0
20718.770216034645,36 months,689.7368097359388,9,RENT,48202.10487074218,0
16692.48203747207,36 months,679.0645621777052,1,OWN,57356.61288711256,0
12923.560430495994,60 months,660.5740773455557,4,MORTGAGE,61445.57930768578,0
18163.909330531424,36 months,736.2056359993006,0,OWN,29995.56277106128,0
26353.46428902198,60 months,727.3763231061429,5,MORTGAGE,44423.259143591305,0
15909.331275292476,60 months,641.3561166088195,1,MORTGAGE,87021.45784826278,0
16241.10293150168,36 months,700.3526143562268,3,OWN,77723.82377169591,0
12703.195502298779,36 months,631.4171632729357,5,MORTGAGE,58747.2084534553,0
10750.778152676041,36 months,611.0190917605535,9,OWN,64862.469170257864,0
19151.679082721228,36 months,648.6641387705017,10,OWN,54115.14988727085,0
10719.580870455664,36 months,723.119673619138,7,MORTGAGE,87131.66771655963,0
15357.831186096962,36 months,727.6562522688043,7,MORTGAGE,55992.94844411672,0
12611.712766174416,60 months,705.6542710048647,10,RENT,64636.84184269696,0
17394.89912873196,60 months,716.2547893423998,5,MORTGAGE,82920.6028828413,0
16668.31052643474,60 months,705.8089143557479,3,RENT,44452.57030308187,0
20187.699721289497,36 months,647.9259202388524,7,MORTGAGE,91175.78368993787,0
12449.918005726264,60 months,701.5961272336971,7,OWN,29390.771805132463,0
13650.625323533144,60 months,720.0204762613841,9,MORTGAGE,92592.84262225596,0
10106.181421088462,60 months,717.7145664906787,0,OWN,52546.48832096051,0
12778.533699619442,60 months,739.4456685737322,3,OWN,55146.02504349437,0
16886.50246522426,60 months,715.4151923600532,3,OWN,22199.79657634114,0
18784.94308322676,36 months,697.5724103770791,6,RENT,50904.105652446146,0
10389.173379111873,36 months,733.5075119158214,10,MORTGAGE,39203.86937946231,0
19348.0296005283,60 months,678.673937037547,6,OWN,47847.07309253055,0
21778.189294024756,60 months,635.9062674386141,10,OWN,57253.78068422241,0
17067.174516118503,60 months,671.8466518028118,7,RENT,79155.8322894581,0
24383.979062790328,36 months,642.7548677596775,10,MORTGAGE,64152.06702801251,0
11131.054004482135,36 months,646.2410862512809,4,MORTGAGE,66153.53306802228,0
8776.726483442915,60 months,672.7740664642241,6,RENT,38089.612223088756,0
6106.398755478607,36 months,640.3790039500019,7,RENT,42384.9182079454,0
22480.221557445915,36 months,664.601923518048,8,MORTGAGE,95974.50036702624,0
18271.82828177029,60 months,585.3192666523107,2,RENT,45295.97930473507,0
14722.076645447725,36 months,690.6646853686469,2,MORTGAGE,93124.16504114591,0
16399.8431315991,36 months,680.0602737681112,3,MORTGAGE,55138.77602238267,0
9372.554763508117,60 months,639.1455684465905,4,OWN,60045.75872287008,0
27228.759898084132,36 months,712.9622834216202,9,OWN,81407.3032045986,0
15646.105909876138,36 months,726.8785068813279,0,MORTGAGE,85437.84843877313,0
15546.973973024464,60 months,599.6220067815512,6,MORTGAGE,57783.74879441825,0
18628.833119493458,36 months,641.8637610716893,8,MORTGAGE,52235.13892956922,0
17405.046158683566,36 months,641.5428825106351,7,MORTGAGE,58881.59102955574,0
16119.420121395657,60 months,633.0048449445568,4,MORTGAGE,66759.15056464236,0
11047.62772277344,60 months,721.4737420965874,3,MORTGAGE,77826.07373739511,0
17357.34178567998,60 months,670.3086930613598,6,RENT,60084.59717988303,0
24410.12248237517,36 months,666.7742579344695,4,MORTGAGE,72377.72596046307,0
21727.10023077489,60 months,579.8068817796623,6,RENT,92767.19464541881,0
22965.933133196984,36 months,711.7709015104613,0,RENT,67626.1922452957,0
12443.921617844075,60 months,618.0370802573264,0,MORTGAGE,66233.05712009556,0
10051.975898707096,36 months,682.9966315133164,9,MORTGAGE,29621.783498198645,0
14371.06539950176,60 months,693.8688468979096,2,RENT,7385.39726341873,0
15278.624561443474,60 months,748.0329297919326,10,RENT,67767.51458460337,0
20470.95759235474,60 months,614.5589800440443,1,MORTGAGE,58103.51537438256,0
6537.676851425904,60 months,529.0243922089587,1,MORTGAGE,49704.346501705164,1
22647.751597303068,36 months,689.1924772376848,6,RENT,64870.604083726896,0
14209.960507105054,60 months,770.0255590755427,9,RENT,58791.92541606184,0
12865.5946502629,60 months,741.9473176469719,1,RENT,82555.60501267797,0
9939.478123699162,36 months,690.4829707637313,10,OWN,61722.21736517956,0
6725.716640671153,60 months,655.4181907183977,3,RENT,45061.53429859665,0
19115.85291980957,36 months,720.3561298318655,1,OWN,79803.32477918579,0
15366.589835942019,60 months,631.3226900147765,5,MORTGAGE,55657.37850107595,0
8550.195501294731,60 months,703.8178884678109,7,MORTGAGE,70530.73367344614,0
8524.60613968192,60 months,705.2735079583314,9,RENT,50451.78587614399,0
13321.076503549359,36 months,733.010495374944,3,MORTGAGE,47003.46229005127,0
23345.107626446967,60 months,817.983001945554,4,MORTGAGE,61683.364603713926,0
13702.043243181975,60 months,699.6207983589384,3,MORTGAGE,60256.5728708737,0
7484.285234409469,60 months,654.551818714625,2,MORTGAGE,69596.54070733667,0
13771.284679570279,36 months,678.7212843904002,4,OWN,54627.08493380515,0
13636.382151261647,36 months,591.5462047555441,8,OWN,23272.804324592056,1
1515.5667852921415,60 months,645.2643434455471,7,RENT,51344.522328232226,0
14728.525667410939,36 months,659.5358780943448,7,RENT,75876.3693428763,0
13845.32734895661,60 months,653.7955801032704,7,RENT,54052.47841513787,1
18481.031824067093,60 months,687.6177436016861,7,MORTGAGE,55072.33194970904,0
24244.780474726726,60 months,638.87900338089,6,MORTGAGE,79727.53011811874,0
20632.825147738786,60 months,736.0515333662236,7,OWN,45760.53545482155,0
13655.556547225848,60 months,680.0103532459099,10,OWN,29143.935635142007,0
9467.370456291648,60 months,679.5349839430693,7,RENT,56787.37760949011,0
27866.7990162493,60 months,663.6052641743541,7,OWN,50316.52097502526,1
15296.092170072441,36 months,687.759534192949,9,OWN,40675.07360493492,0
15069.64645956473,36 months,721.2549132333818,6,OWN,56492.43088202619,0
14879.374564449983,36 months,636.643489214455,0,OWN,69830.11294493567,0
15990.423803839274,36 months,647.0941755462371,3,OWN,59814.22876864368,0
14278.197940380287,36 months,664.8136985611668,3,RENT,66139.62145372476,0
12131.689965598818,36 months,612.7064538263393,4,RENT,96268.15397030846,0
12265.705293798039,36 months,639.0371070139252,9,OWN,53142.422768848715,0
14836.233648920008,60 months,656.188956322767,5,RENT,65566.9726928934,0
12282.876144331174,60 months,723.7194590356364,3,MORTGAGE,49815.73274801731,0
11435.771086614179,60 months,693.1280664500963,1,OWN,43072.805602260545,0
15532.151138459485,60 months,689.6794955683772,5,MORTGAGE,48301.8469316446,0
13725.113912895724,36 months,722.5448981083986,7,RENT,50424.82856956623,0
22519.964942913444,36 months,673.1314105800302,7,RENT,67189.51595094251,0
1745.1509580349393,60 months,699.5232424964445,6,MORTGAGE,106981.51573401515,0
20457.53425961231,60 months,674.8389123533752,5,RENT,45679.131274483196,0
21230.425962488145,36 months,693.2681174699815,1,OWN,51667.49388769075,0
4633.048837959253,60 months,650.8620671194209,6,MORTGAGE,58737.539737775034,0
13286.562029598255,60 months,558.0591420861786,10,OWN,67915.97697419494,0
13142.795670021043,60 months,673.2860418906848,4,MORTGAGE,65271.0162390957,0
7962.441526410894,60 months,751.137406804997,5,RENT,85681.91587896235,0
11110.916562045622,36 months,726.3107701120796,9,MORTGAGE,11472.158589295832,0
9447.120772670856,60 months,728.2698742295586,7,MORTGAGE,12261.402596086547,0
23761.352217118114,60 months,741.8065360903109,7,OWN,50082.43655979702,0
19678.391965737304,36 months,684.4328795480719,2,RENT,81946.00375087417,0
21357.775474970793,36 months,689.8657853702798,6,OWN,28687.039367888076,0
18608.360320216176,60 months,649.1174052282825,0,RENT,-152.6467938751448,1
9354.741143913854,36 months,664.1963571986475,0,OWN,71423.58812438417,0
12377.398668601132,60 months,710.7885574885571,6,MORTGAGE,64873.14447405429,0
17446.87280613959,60 months,740.1942218584409,9,OWN,38195.8318640114,0
8889.360955540273,36 months,673.02768621595,8,RENT,40289.2079855814,0
18564.99215086194,60 months,657.4905367574294,6,RENT,40605.125607306516,1
13798.373009209325,60 months,680.0263979428298,9,MORTGAGE,62210.7063494788,0
13125.895962252012,60 months,710.0603374464557,4,RENT,47473.694476339864,0
18554.79984101746,60 months,607.8072591933229,7,OWN,69881.27837951039,0
17221.3165574302,36 months,565.1909523431381,1,MORTGAGE,2907.466741912176,1
13195.1691709046,36 months,652.4731575254208,8,RENT,42862.96269744402,0
20796.64901682124,60 months,618.964378704292,5,RENT,37478.920781778994,1
9594.683362000513,36 months,654.5929901176345,8,OWN,54873.18643255016,0
18079.67803472132,60 months,672.6109840591264,1,OWN,49239.04483019723,0
17965.50628984192,60 months,657.3375795488494,2,MORTGAGE,75956.87559791534,0
13452.267803430048,60 months,752.6233767235373,7,RENT,22813.264566798847,0
16630.66511121059,60 months,696.337238230116,0,OWN,60909.82952661504,0
8744.432118073484,60 months,695.0237179805414,9,MORTGAGE,71166.72846423411,0
19620.135096034504,36 months,711.1103572021701,6,RENT,97132.9487312391,0
14075.489317785055,60 months,623.0583441109616,6,RENT,50364.680578130494,0
12386.384897404801,36 months,731.9555893710134,0,MORTGAGE,66489.17208705033,0
20245.046129184448,36 months,676.211785673227,8,MORTGAGE,23922.744148752703,0
11478.281547286204,60 months,713.5240308620606,7,OWN,12160.875913739525,0
7957.693518182202,60 months,626.4071383479923,3,RENT,76895.487515634,0
7216.854132380481,60 months,602.3120616991968,9,RENT,59888.794127038585,0
18030.0497567282,60 months,720.8944829012514,10,RENT,83570.25379596846,0
8597.853237518584,60 months,698.8204763048758,4,MORTGAGE,32531.94222060502,0
23773.970909921823,36 months,634.8974222821245,1,OWN,70398.04279057505,0
4590.352960581389,60 months,636.5168459362653,8,RENT,97376.35681087707,0
23482.28184145019,60 months,736.2717392207385,5,MORTGAGE,68394.11216714531,0
16055.087336013092,36 months,620.5294053566336,2,RENT,65531.630111820974,0
14516.434440648038,36 months,762.1336476627981,6,OWN,60171.121616487,0
12275.40456595525,60 months,634.9689632676066,8,RENT,28582.370857481757,1
16995.680571760353,36 months,711.9195962804191,2,OWN,87111.45871420696,0
14811.826487875758,60 months,663.5690762125507,1,OWN,47782.84720389868,0
20516.509410082606,36 months,710.1593715541171,6,RENT,70089.66512766034,0
15571.138243310199,36 months,652.7942998942904,6,RENT,28739.31386857493,0
15751.508807309388,60 months,671.8603546963853,3,OWN,36410.80670984439,0
13181.938938930722,36 months,682.045958769786,10,MORTGAGE,88701.74798444471,0
14715.271881394663,36 months,629.8906272109264,8,OWN,53053.95422084314,0
16539.008844460295,36 months,717.0412172710063,7,RENT,89065.50952085089,0
6449.158036716872,36 months,654.3393216764207,0,RENT,58435.38681882965,0
8259.072889471434,36 months,668.570004232999,0,MORTGAGE,23162.04454084285,1
18716.320470113576,36 months,630.2825312695744,4,OWN,77841.3519946344,0
15854.32719063971,60 months,551.8833170602345,5,OWN,48202.15364488785,0
14080.083318236604,60 months,670.4486118699915,2,OWN,73973.77627034087,0
15092.169665326966,36 months,800.6307710806458,8,RENT,60504.21735080164,0
16737.908526808355,60 months,719.2302143949012,9,OWN,29137.635441142593,0
12301.201598453194,60 months,679.0369810132803,5,MORTGAGE,63285.89530741138,0
11108.476372988436,60 months,666.8554585395866,3,RENT,103924.46284305598,0
15979.226275488407,36 months,681.1232946406024,6,RENT,69859.72917028918,0
10108.13611192484,60 months,707.3559557587605,7,OWN,58849.644939890735,0
17041.26377857236,36 months,620.9593592345577,8,MORTGAGE,81506.86803913795,0
6487.081978810798,60 months,735.7160847334436,10,RENT,64213.36930406222,0
20145.778186628217,36 months,715.7690657720622,5,RENT,64190.68460525588,0
17362.987412065217,36 months,715.9092862853968,5,OWN,38167.49655681795,0
16280.148671569379,60 months,701.9237869404864,7,OWN,64676.960515791965,0
19913.45491972757,60 months,680.9808328846995,4,MORTGAGE,80708.8683283389,0
23327.372222312883,36 months,713.643061798341,2,OWN,43278.7569579995,0
20071.85032509065,60 months,709.5907066870689,2,MORTGAGE,88489.91642493896,0
5795.628843341774,60 months,662.2979644529488,5,RENT,58165.87951709748,0
8602.115166321491,60 months,651.319911355155,1,MORTGAGE,42244.60976922919,0
11875.907111521607,36 months,685.0928147630993,5,MORTGAGE,79952.64153840489,0
15130.455251054169,36 months,757.4510075747594,5,MORTGAGE,54264.11528523461,0
17588.295102345615,60 months,618.044646217305,7,RENT,75190.29774972216,0
11371.280934232673,60 months,606.623736712378,6,OWN,54164.82735482926,1
15933.833822385392,60 months,688.2380420618258,7,RENT,58803.47712940192,0
11223.085338233388,36 months,682.5443850928009,8,OWN,69871.20408668583,0
11942.410985040258,36 months,688.6670832185204,5,MORTGAGE,65817.94115180011,0
7966.694515758889,60 months,692.197659895425,2,MORTGAGE,20089.36439096523,0
10383.833769445479,60 months,668.8398872682598,9,MORTGAGE,37575.12519811216,0
8241.576971918332,60 months,754.4931719301042,2,MORTGAGE,78588.1996958163,0
10120.633735113337,60 months,599.9548010761742,10,MORTGAGE,57357.268221969054,0
20268.2089830392,60 months,638.5751487609878,0,OWN,49525.37394457156,0
10253.005555840286,60 months,674.8372619925476,10,OWN,32828.51969485052,0
28161.910324186952,36 months,597.8405594422916,4,MORTGAGE,38405.27357448303,1
17466.589504404445,60 months,671.2072797783965,3,RENT,19564.027200761055,0
15924.18061847437,36 months,763.073508286401,8,RENT,57974.38562596934,0
10708.211099093933,60 months,681.0443244147981,8,MORTGAGE,48031.24838837906,0
18501.549397044957,60 months,691.5350452859342,4,OWN,40668.242180293695,0
12121.81086881113,36 months,616.991761741371,9,RENT,58637.531496640935,0
15610.049073226808,36 months,649.1819295980262,3,RENT,67279.41261705477,0
27800.42269134397,36 months,661.2401809838032,6,RENT,101863.9586441989,0
14519.70050137675,36 months,664.1142451621884,5,MORTGAGE,29762.331608735727,0
20746.36663142838,60 months,744.0821897501885,3,RENT,83187.62086601045,0
11484.117874370564,36 months,707.8845530362562,9,RENT,79462.03122030143,0
14825.05754751519,60 months,624.4271021531484,1,RENT,44418.14521246599,1
23854.00317817755,36 months,692.3252389216002,0,RENT,64064.71909172062,0
11865.164711061163,60 months,704.9110874248393,3,OWN,50847.33501324769,0
24062.242789984644,60 months,737.0074519260634,3,MORTGAGE,63713.77160837478,0
18538.759677277376,60 months,759.0270343284187,0,MORTGAGE,90182.620268091,0
12187.666120528662,60 months,629.2452904086066,5,OWN,72112.12465262625,0
18162.038695277606,60 months,639.4571244394831,3,OWN,70172.16746466883,0
19862.77224813365,60 months,617.1211070542691,0,MORTGAGE,51393.81360090715,0
18109.04981108598,36 months,668.2990070446509,0,RENT,30318.866701513296,0
7148.876400547718,60 months,703.3179187223167,0,RENT,55830.635789191845,0
11364.314120875657,36 months,729.366725829455,7,MORTGAGE,84132.1630972783,0
13762.406822242476,36 months,676.2024488178739,9,RENT,29456.642868207047,0
14627.83285449977,60 months,664.0076238372578,7,OWN,38898.212636466094,0
18103.36048775339,36 months,687.587899612437,1,RENT,62525.35472468136,0
15888.505004666269,60 months,638.2428549184989,10,RENT,40306.90430305475,0
8323.278206449493,36 months,784.4769360847387,6,RENT,44149.53105769575,0
16900.989255029817,60 months,599.6169486440971,7,MORTGAGE,51528.02836543646,1
18052.928726419115,36 months,689.2370289447862,7,OWN,32687.65191619701,0
17798.9522396552,60 months,781.180310961482,10,RENT,40517.56307567263,0
20403.90362777311,60 months,680.3399922279999,9,MORTGAGE,74068.55833574617,0
19169.61077274452,60 months,670.4980482499253,10,RENT,33852.604355380725,0
17295.900396142184,60 months,662.1277288594787,6,OWN,28042.557310103246,0
14649.171442706765,36 months,670.9804159118796,4,RENT,47399.500409322114,0
6695.195332420042,60 months,748.6424237338265,0,OWN,74639.11005019692,0
17148.09109566293,36 months,569.4069044335247,8,RENT,56061.56384006221,0
16038.438435815555,36 months,756.6716850648163,6,OWN,50708.378437687636,0
16357.894185976867,36 months,608.8021423774927,1,RENT,60887.17595031214,1
8616.257120898452,60 months,666.6673835382793,5,OWN,25085.851342806956,0
9594.717297958689,36 months,658.5377789850669,1,RENT,69894.11307550065,0
20265.76426666452,36 months,709.427663488536,0,RENT,67668.70062807288,0
14802.224230716725,36 months,600.0937824058126,6,MORTGAGE,51813.830518085575,0
18407.503486863123,60 months,703.1086333040971,1,MORTGAGE,80118.49023592833,0
15141.591880652306,60 months,781.2154811643426,1,OWN,37450.078020939225,0
15148.780697478725,36 months,611.8412997703595,10,RENT,82558.17986507138,0
19691.419029879988,60 months,689.4853083805198,4,OWN,63089.87331190502,0
12419.77635891313,60 months,646.9008911101696,4,MORTGAGE,53268.948202436535,1
15480.603884704917,36 months,701.2943603096518,6,OWN,59602.52729263377,0
12688.623556474788,36 months,680.9573888707876,0,OWN,57854.704683781165,0
12827.518862838422,60 months,647.9256545477845,7,MORTGAGE,84405.65792835434,0
13454.139382656804,36 months,704.3936142435537,2,RENT,38466.41745057973,0
16110.668858168565,60 months,770.2174054893371,3,OWN,44749.615217068036,0
12606.256891682613,60 months,670.4548104136351,8,MORTGAGE,80726.0578414496,0
21278.780627867603,60 months,715.9878971074091,3,RENT,48089.30129632282,0
10526.96348890248,60 months,615.3363521064418,9,MORTGAGE,78010.66154663183,0
14065.641779193205,60 months,632.1781811590996,4,OWN,93988.71966017419,0
12801.344708629125,60 months,703.6203138940189,6,RENT,51964.09946116732,0
22234.889421768665,36 months,754.2058014267982,3,RENT,73627.24653150611,0
15982.773882557873,36 months,697.780667439283,0,MORTGAGE,36926.15437320283,0
20159.222697343175,60 months,664.3470984738423,8,MORTGAGE,75094.66596135618,0
7572.19813481514,60 months,679.9645702711678,3,MORTGAGE,63988.47971973534,0
16335.251329346294,60 months,617.4796133015142,8,RENT,69460.7656432043,0
19448.153978117185,36 months,710.2257663177684,5,RENT,47088.5585592921,0
15411.41994637712,60 months,724.1166531161705,0,OWN,26778.33168865655,0
20327.401875326756,36 months,657.3954833583459,2,RENT,70065.0412949901,0
12413.557749498139,60 months,656.4978926120249,10,OWN,18731.936950410913,0
22046.7372009279,60 months,693.2939114826024,1,MORTGAGE,53652.9901551493,0
26494.49061809625,36 months,658.1640131979702,8,MORTGAGE,78823.63732839939,0
13185.807197801705,36 months,676.6933692687089,0,RENT,63837.95471746072,0
12772.487392996141,60 months,784.9860894583258,8,MORTGAGE,98966.85289579627,0
22266.922385588507,60 months,667.6487149627002,8,MORTGAGE,80502.18305163547,0
22897.860728653563,60 months,662.0829923989389,7,RENT,46922.03223348847,0
12385.699864233658,36 months,647.622909718242,7,OWN,60546.267597028775,0
12899.065914520714,36 months,717.2095985749968,10,RENT,59052.58594911128,0
13591.076955697465,36 months,670.9387913390949,0,OWN,28356.464733077457,0
8277.747444828616,36 months,647.5313480839287,10,RENT,41192.02167031293,1
10406.740267579009,36 months,746.0652016136506,7,RENT,48784.78186040279,0
9979.296166239661,36 months,750.9801502256819,9,MORTGAGE,19275.58994288127,0
11161.012174479358,60 months,649.9788217130647,2,RENT,60949.86936503286,0
14826.575563066093,60 months,586.6730024319692,10,RENT,55018.56310693918,1
16171.073662682604,36 months,730.3756844918461,6,OWN,26542.121973768517,0
22752.502464070385,60 months,645.7685087119999,10,MORTGAGE,68084.25730554663,0
10008.229796306045,60 months,719.5312799581384,0,OWN,74317.45489381919,0
19921.611992382917,36 months,581.4948091144082,0,OWN,64540.68957729778,0
13930.055778872455,60 months,724.6298669149654,9,MORTGAGE,53518.636495820596,0
14752.681451737835,36 months,619.441403535961,4,MORTGAGE,71828.8430350371,0
18374.097460833018,36 months,716.5382059533263,4,MORTGAGE,73604.40720953382,0
9386.389892188507,60 months,680.7136533918217,7,RENT,66148.07139439377,0
16912.048730920254,36 months,632.3030290301677,6,MORTGAGE,43507.754991304784,1
15832.26104106528,36 months,659.648184353661,7,MORTGAGE,65532.015310223615,0
17462.256320040746,36 months,714.315922847835,5,MORTGAGE,83909.61301650958,0
16445.843219539092,36 months,685.2947226557617,5,OWN,48067.418827765396,0
27276.50069955447,36 months,709.2206490236242,1,OWN,101958.78678264862,0
11811.300078743421,36 months,778.8220292257743,5,RENT,49487.38132029231,0
12345.015224990912,36 months,601.7879194144474,4,OWN,60648.14026680272,1
11884.297367876177,36 months,760.8606287484312,2,RENT,46550.28807987328,0
12222.614404198726,60 months,685.2177968761606,5,OWN,64465.41671840522,0
11813.064363467412,60 months,635.0607975838436,7,MORTGAGE,25155.5661472945,0
20945.082655537757,60 months,613.4843187130505,8,OWN,49079.16402366557,0
22102.521239949274,36 months,670.5439804611483,0,RENT,38157.57599302866,0
12146.26853125262,36 months,726.082505596223,2,OWN,62706.766957845815,0
10838.222134478856,60 months,673.6225439811233,2,MORTGAGE,79888.94751017814,0
17357.07778193202,60 months,755.5577465123674,10,RENT,72920.12374229103,0
12238.884778595144,60 months,607.441215497422,7,MORTGAGE,12566.812782822155,1
18164.659088777553,36 months,679.3955526076973,0,MORTGAGE,100841.39305855762,0
16014.615104256498,60 months,617.380327779344,4,RENT,65905.59881241736,0
7421.27942501384,60 months,698.1815941312484,2,MORTGAGE,44470.017190139995,0
22737.526006650307,36 months,724.344369504865,1,MORTGAGE,63142.558379818816,0
23979.388365477607,60 months,658.9619103159473,7,OWN,63523.79645005385,0
11936.05654757807,36 months,549.7893071686433,2,MORTGAGE,46663.02566096873,0
13061.492200320079,36 months,689.9474073398247,6,MORTGAGE,63958.33334684151,0
16429.326953624524,36 months,701.8369275866755,10,MORTGAGE,47850.55424759386,0
16672.283949935125,60 months,700.2147377480849,0,MORTGAGE,51912.760146199544,0
18292.72136336415,60 months,741.7891095911077,5,RENT,46274.417284898314,0
25051.02269383175,36 months,626.4473160175476,2,OWN,31346.574205206944,0
14115.263862529753,60 months,714.0108052725225,7,MORTGAGE,62916.729404307676,0
11008.513777307731,60 months,739.6253756238988,5,MORTGAGE,71705.98873032676,0
8103.403859927364,60 months,591.0706207996742,1,RENT,70297.67192152745,0
11345.349800290405,60 months,695.9825912959489,5,MORTGAGE,76398.50505270468,0
14834.365135631015,36 months,654.7910084496165,6,RENT,66486.80420029737,0
23972.78931758894,60 months,675.9238663449177,4,OWN,49345.49003566193,0
12411.943504819143,36 months,697.3838241769168,2,OWN,76793.27728862378,0
16118.939758194492,36 months,655.6385717943224,3,MORTGAGE,32849.6492031613,0
14917.88551963624,60 months,646.2145960419194,3,MORTGAGE,41986.57234975039,0
20941.96636724042,36 months,681.7076208744012,5,MORTGAGE,40715.99857153511,0
27634.66212936811,60 months,625.6377030568599,9,RENT,81601.12118278621,0
12345.656135398396,60 months,625.7087435557407,0,MORTGAGE,78855.7702828015,0
12552.80278740889,36 months,713.9686641478252,10,MORTGAGE,69746.1047408999,0
20220.80438534536,36 months,622.5602982420672,3,OWN,81438.59730423594,0
18409.457448131558,36 months,713.3156250454606,9,MORTGAGE,42414.34435176024,0
24233.536628680165,36 months,703.1295646426976,3,OWN,66971.90239721962,0
17919.64092662982,60 months,593.7096635604702,9,MORTGAGE,57496.511432336716,1
13203.539546064701,60 months,646.1217673832173,0,OWN,76937.64207769828,0
17953.274153461545,60 months,739.7054701523687,8,MORTGAGE,57695.51534895605,0
20543.517902914537,36 months,630.9417234430159,3,OWN,52301.142231798374,0
19102.41090598682,36 months,656.7797868845306,6,RENT,70818.1703712198,0
17536.37015553649,36 months,703.1030446625948,2,OWN,77523.38334382465,0
20333.37344794577,60 months,719.1695254641297,9,OWN,46633.09610306397,0
20846.477952228364,36 months,667.4230556977752,2,OWN,58778.486572952475,0
21910.794955187637,60 months,650.1244902654179,7,MORTGAGE,38831.18732716695,0
18243.54943794821,36 months,751.1184930849254,7,MORTGAGE,10038.779650141209,0
14164.409598415728,60 months,766.9449831898789,10,MORTGAGE,64009.19262827458,0
15733.568432166614,60 months,728.9429025390898,0,RENT,72178.10712509263,0
21032.544832541782,36 months,684.2659071282512,9,RENT,65241.336181734514,0
10915.32164506382,36 months,639.5867139179537,1,OWN,21008.76564491266,1
16843.366544364508,60 months,638.4777796721718,7,RENT,52983.01139847051,1
13033.305938363197,60 months,706.1257052632878,0,OWN,15633.044798978372,0
15143.724114674087,36 months,700.9199110444342,7,OWN,87394.0221530837,0
21392.259313036495,36 months,750.0799296473215,7,OWN,38278.90835763828,0
15955.495340099516,60 months,712.522504626807,1,RENT,85108.07218919793,0
15232.182740780743,36 months,604.845984912009,3,MORTGAGE,78917.39287368291,0
8200.719295100404,60 months,732.597380886146,5,RENT,41988.19294927877,0
18731.267830136105,60 months,630.0969686342794,10,OWN,37344.3009746451,1
18227.420905705378,36 months,660.8014364023825,8,OWN,67007.40432772676,0
25816.2736165273,36 months,692.5100103125848,7,RENT,43113.51925633858,0
13461.108825234996,36 months,779.7833744891982,7,OWN,62049.69284316415,0
16095.751638319694,36 months,835.4959278002681,6,OWN,50343.448183861634,0
16246.918418553776,36 months,710.3361529568091,8,RENT,24376.83171068733,0
22887.266398817374,60 months,670.8401690639806,1,RENT,15390.639617510817,0
14523.522338065239,60 months,706.7252824240275,2,RENT,64533.68496989194,0
16395.107628851696,36 months,724.3827712936918,9,OWN,48768.84507338749,0
18039.482548582695,36 months,663.9666187221404,7,OWN,48938.20366171736,0
15933.04561578179,36 months,769.7605677956161,5,MORTGAGE,73917.27678187571,0
12767.831927247358,60 months,691.50353795957,9,MORTGAGE,83468.84553264889,0
15970.449964491538,36 months,704.8871544545697,8,RENT,54549.105572763816,0
20368.158749298862,36 months,713.296212602723,9,MORTGAGE,53188.02586180277,0
9867.423502944699,60 months,701.0793305307228,3,OWN,70002.86066227767,0
15664.84837073438,60 months,721.9470250234806,7,MORTGAGE,32861.28860600849,0
11499.395925304134,36 months,649.1373406726539,9,OWN,64463.06109495394,0
20975.233144624213,36 months,652.0849123026985,2,RENT,71037.71943644308,0
7384.065476081127,36 months,624.9922883514153,2,RENT,73604.60416835258,0
12205.390763642059,60 months,701.9750615310113,7,OWN,21264.9459499507,0
16886.059375322606,36 months,718.9468251756057,4,MORTGAGE,44772.89460382119,0
22827.620146171703,36 months,702.8886433075943,2,RENT,42434.73494353067,0
14671.248694635062,36 months,763.7246216673768,9,RENT,61997.73908818426,0
12224.002366534009,60 months,679.7201990585477,10,MORTGAGE,69614.89159535967,0
24405.785347202953,60 months,713.4370827796256,0,MORTGAGE,89934.20814891963,0
7759.93049791878,36 months,625.4149561930343,2,OWN,50100.69039263854,0
4005.97021689959,36 months,660.6450148762799,8,MORTGAGE,50048.55003381572,0
17200.07225026666,60 months,714.7768878782889,4,MORTGAGE,82993.44037757494,0
12489.728878236943,60 months,722.4551055371572,9,MORTGAGE,65931.5387706061,0
9893.835914346433,60 months,665.3016526167909,1,OWN,85353.03022375947,0
18541.782236496765,60 months,676.4200374070966,6,OWN,65774.56006019673,0
16219.003568855995,60 months,604.1063126659595,1,RENT,36857.66762573458,1
12179.606846316357,60 months,662.1485399596695,3,OWN,33337.432904443864,0
8598.478006645528,60 months,724.5191581759893,6,RENT,28969.75501882142,0
19362.286641400722,60 months,708.7602508053283,3,MORTGAGE,73241.03669516946,0
18251.005889793305,60 months,705.0332860690605,6,RENT,83771.93646174016,0
14504.120681103086,36 months,682.488684359048,6,RENT,96987.24282772762,0
24233.18498023833,36 months,680.3531579314089,0,MORTGAGE,76862.1066464648,0
9649.576168369236,36 months,646.9839430263277,5,RENT,83256.77155069972,0
7372.374145376306,60 months,714.9414210101268,8,OWN,48399.673346926305,0
11540.459650593777,36 months,701.0486472194694,1,OWN,36871.683665122866,0
14772.06991822251,60 months,704.60094239964,2,OWN,77001.58664835106,0
16216.69724661346,60 months,653.698257866621,9,OWN,68353.61504478802,0
13793.819710718351,36 months,572.3328540064377,4,RENT,62148.887486817854,0
16760.276982571486,60 months,734.8576355876847,8,RENT,67747.42961265979,0
8742.30287904778,36 months,656.0581271995798,3,MORTGAGE,66463.70964916411,0
22218.823020366297,36 months,636.861211797844,0,RENT,85676.33719707123,0
14589.244108037155,36 months,714.6739455956997,3,RENT,85899.71169633912,0
20586.479157940637,60 months,660.3993680040435,5,RENT,70884.40704680694,0
16713.626731888522,36 months,732.996819202331,4,MORTGAGE,76916.05745125856,0
17283.76609576892,60 months,710.8502974788348,0,OWN,70281.25104849551,0
17848.83640116102,36 months,714.1784661600238,3,RENT,50776.60535930762,0
17238.542800086576,36 months,611.7022144399733,5,MORTGAGE,75131.2934982628,0
18213.61379933772,36 months,740.5971992693201,9,MORTGAGE,32110.098622814767,0
21645.762650662156,60 months,693.0625265616928,9,MORTGAGE,81077.83104591767,0
15982.60584850735,60 months,661.5361430376898,3,OWN,36109.5412046793,0
18545.01878794256,60 months,687.1694233671126,8,RENT,65716.06573589466,0
14551.321528563867,36 months,591.188238355084,4,MORTGAGE,43096.92083147682,0
22200.586077247364,36 months,700.4326405740335,7,OWN,71067.77966148853,0
11618.038489703651,60 months,628.5314245908964,8,MORTGAGE,59321.49548144182,0
24004.70216455408,60 months,612.3664857078232,9,MORTGAGE,28104.88083673335,1
14799.210246778282,60 months,603.8820406891055,4,MORTGAGE,68413.99262036958,0
7846.124489409759,60 months,735.6344187494963,5,MORTGAGE,48441.58446334579,0
15640.522074553946,60 months,648.5368303153606,0,MORTGAGE,77622.93441626738,0
11594.741712625597,60 months,756.686385495825,10,OWN,60026.513774688145,0
19203.21774494362,36 months,653.2099268473851,6,RENT,67908.41970776077,0
11736.880103488045,60 months,594.6321021203527,3,RENT,40848.62089969576,1
12769.082833926102,36 months,624.173778002567,10,RENT,48213.355371452766,1
5552.296345272345,36 months,741.790581000347,1,RENT,50827.22727797831,0
12738.468403754616,60 months,672.2050911031666,4,OWN,77134.04960485111,0
2880.6033668552172,60 months,652.58563517547,2,OWN,93547.54175610979,0
7080.485882571384,36 months,688.0009112926393,5,OWN,43896.564965142476,0
18802.073280721488,60 months,705.0891368083772,7,MORTGAGE,81536.9628931536,0
18929.000793254163,60 months,735.8699407951231,6,MORTGAGE,16606.451645485955,0
17127.287808924822,36 months,752.4249614946464,2,MORTGAGE,36116.21197815421,0
10165.119284353936,36 months,662.0115677105457,7,RENT,40824.43087626451,1
14761.4432192901,36 months,613.6976156958981,1,MORTGAGE,32949.82621118556,1
14981.987304547158,60 months,659.3267419438362,9,RENT,28328.2322042484,0
9208.176554037287,36 months,693.0140253291443,8,MORTGAGE,68259.97824275595,0
22516.991508835752,60 months,631.8120536894695,3,RENT,55718.64604544277,0
19386.811452878355,36 months,632.1424542552479,0,MORTGAGE,67588.10795210219,0
13895.17913085168,36 months,697.1893940774943,7,MORTGAGE,73809.45372243026,0
15134.429194972654,36 months,677.5673824214774,6,OWN,65312.33986345067,0
16041.914039737763,60 months,681.6398497705793,10,MORTGAGE,73155.26352300748,0
4791.325657878548,60 months,642.0752332649965,4,MORTGAGE,58609.35427515461,0
13764.113087397016,36 months,668.4799642897117,9,OWN,36260.1322338851,0
11590.078760011007,36 months,633.7883427865847,4,RENT,81156.28361641592,0
9991.899950525421,36 months,724.5099205562393,6,OWN,48217.75734437746,0
13594.498535570227,60 months,731.7624667361877,4,OWN,41288.07402475148,0
23988.432634247612,36 months,587.6906068880953,7,RENT,56441.64248391204,1
18204.21430633505,60 months,633.5244569903795,10,MORTGAGE,41743.78161406974,0
12144.105051086015,36 months,605.173537245496,5,RENT,51651.39236021136,1
17862.913906780792,36 months,647.4988032796551,4,MORTGAGE,66881.07843126933,0
